Category,Business value item
"Soft skills and collaboration","Communication patterns — cadence clarity and responsiveness in group private mentor and customer channels (with aggregation and privacy rules)"
"Soft skills and collaboration","Stakeholder and PM-style signals — consistency updating user stories acceptance criteria and backlog items"
"Soft skills and collaboration","Reliability and follow-through — on-time task completion (sprint goals checklist or done states against dates)"
"Soft skills and collaboration","Team collaboration — participation in shared artifacts (comments reviews shared links meeting attendance where tracked)"
"Soft skills and collaboration","Professional conduct proxies — quality of support requests structured reporting handling of blockers where inferable from workflow"
"Hard skills and technical quality","Code and repo signals — structure of contributions over time (PR size frequency branch hygiene review participation tests or lint where available from GitHub)"
"Hard skills and technical quality","Architecture and maintainability — modularity layering dependencies duplication (static analysis or assisted review on repo snapshots)"
"Hard skills and technical quality","Delivery discipline — mapping commits and PRs to tasks user stories and sprints (traceability)"
"Hard skills and technical quality","Design–implementation alignment — Figma or linked design artifacts vs shipped code (for UI or design-heavy roles)"
"Hard skills and technical quality","Tooling breadth — stack exposure from repos CI and project types (languages frameworks)"
"Portfolio and evidence for employers","Curated candidate profile — verified identity link to platform activity plus optional highlights (projects roles time ranges)"
"Portfolio and evidence for employers","GitHub portfolio view — read-only presentation of linked repos (recency languages sample scope) without full GitHub fluency"
"Portfolio and evidence for employers","Design portfolio view — Figma or other links as design artifacts with project context"
"Portfolio and evidence for employers","Narrative arc per project — requirements design tasks code demo (user stories links milestones)"
"Portfolio and evidence for employers","Artifacts bundle — presentations demos documents schema links attached to boards"
"Employer analytics and assessment modes","Comparable scorecards — normalized metrics across candidates (soft and hard dimensions)"
"Employer analytics and assessment modes","Role fit templates — weighting soft vs hard signals by job family (backend PM full-stack etc.)"
"Employer analytics and assessment modes","Trends over time — improvement across projects and sprints (growth vs one-shot)"
"Employer analytics and assessment modes","Benchmarking — cohort or anonymized banding where policy allows"
"Employer analytics and assessment modes","Employer workflow — shortlists notes share links audit of views (governance)"
"Trust consent and differentiation","Provenance — activity tied to real platform project work not only self-reported GitHub"
"Trust consent and differentiation","Consent and scope — what employers may see (redacted chats repo scope time windows)"
"Trust consent and differentiation","Fairness and transparency — which signals feed which scores (explainability for candidates and employers)"
"Strategic north star outcomes","Employers — faster evidence-based hiring with less résumé noise and more behavioral and technical proof"
"Strategic north star outcomes","Candidates — portable proof of skills from real projects not only certificates"
"Strategic north star outcomes","Platform — data advantage from integrated workflow (chat tasks repos design timelines) that point tools alone cannot replicate"
